{
  "dataset": {
    "rounds": 400,
    "concurrency": 24,
    "success_count": 400,
    "success_rate": 1.0,
    "path_reconstructed_count": 400,
    "path_reconstructed_rate": 1.0
  },
  "qos_constraints": {
    "max_voice_delay_ms": 250.0,
    "max_jitter_ms": 30.0,
    "max_loss_rate": 0.01,
    "min_bw_mbps": 1.0,
    "min_hops": 1,
    "max_hops": 5
  },
  "qos_compliance": {
    "overall_compliance_count": 202,
    "overall_compliance_rate": 0.505,
    "dimension_pass_rate": {
      "delay": 1.0,
      "jitter": 1.0,
      "loss": 1.0,
      "bw": 1.0,
      "min_hops": 0.505,
      "max_hops": 1.0
    }
  },
  "diversity": {
    "path_unique_count": 27,
    "path_unique_ratio": 0.0675,
    "path_entropy_bits": 4.286709417868519,
    "top_paths": [
      [
        "175.178.37.248->43.132.117.183",
        58
      ],
      [
        "43.134.35.70->43.132.117.183",
        55
      ],
      [
        "139.155.85.100->43.132.117.183",
        26
      ],
      [
        "139.155.85.100->175.178.37.248->43.132.117.183",
        26
      ],
      [
        "43.157.0.33->43.134.35.70->43.132.117.183",
        26
      ],
      [
        "43.157.0.33->43.132.117.183",
        23
      ],
      [
        "94.191.33.124->43.132.117.183",
        21
      ],
      [
        "94.191.33.124->139.155.85.100->175.178.37.248->43.132.117.183",
        17
      ],
      [
        "94.191.33.124->175.178.37.248->43.132.117.183",
        14
      ],
      [
        "43.130.0.75->146.56.246.51->94.191.33.124->139.155.85.100->43.132.117.183",
        13
      ]
    ],
    "pairwise_jaccard": {
      "count": 79800,
      "mean": 0.14969736842105263,
      "median": 0.0,
      "p90": 0.5
    },
    "pairwise_norm_edit_distance": {
      "count": 79800,
      "mean": 0.5295421888053466,
      "median": 0.5,
      "p90": 0.75
    }
  }
}